<?xml version="1.0" encoding="iso-8859-1" ?>

<table>
  <base>CJT</base>
  <class>Item</class>
  <name>cividiscount_item</name>
  <comment>A discount entry.</comment>
  <add>4.1</add>
  <field>
      <name>id</name>
      <type>int unsigned</type>
      <required>true</required>
      <comment>Discount Item ID</comment>
       <add>4.1</add>
  </field>
  <primaryKey>
       <name>id</name>
       <autoincrement>true</autoincrement>
  </primaryKey>
  <field>
       <name>code</name>
       <type>varchar</type>
       <length>255</length>
       <required>true</required>
       <comment>Discount Code.</comment>
       <add>4.1</add>
  </field>
 
  <field>
       <name>active_on</name>
       <type>datetime</type>
       <comment>When is this discount activated?</comment>
       <add>4.1</add>
  </field>

</table>
